time_s,target_x_mm,target_y_mm,target_z_mm,achieved_x_mm,achieved_y_mm,achieved_z_mm,position_error_mm,J1_deg,J2_deg,J3_deg,J4_deg,J5_deg,J6_deg,J1_us,J2_us,J3_us,J4_us,J5_us,J6_us
0,470,0,190,470,0,190,1.0247593068766e-13,0,67.8024037577836,-104.140797945353,36.338394187569,0,0,1290,2102.24002783543,2251.41331811372,1779.17329027829,1610,1540
0.04,469.959847032856,4.63770537590074,190.628215181563,469.959847032856,4.63770537590074,190.628215181563,6.35528743231302e-14,0.565393663406309,67.878357220066,-104.1034532792,36.2250960591335,0,0,1294.18810121042,2102.80264607456,2251.13669095703,1778.33404488247,1610,1540
0.08,469.83950778223,9.26936147465681,191.255810390586,469.83950778223,9.26936147465681,191.255810390586,2.8421709430404e-14,1.13022935152764,67.959524242354,-104.073939222803,36.1144149804492,0,0,1298.37206927058,2103.4038832767,2250.91806831706,1777.51418504036,1610,1540
0.12,469.639340656599,13.8889333956804,191.88216626637,469.639340656599,13.8889333956804,191.88216626637,6.35528743231302e-14,1.69394963973326,68.0458462931772,-104.052279484764,36.0064331915864,0,0,1302.54777510914,2104.04330587539,2250.75762581306,1776.71431993768,1610,1540
0.16,469.359941193776,18.4904149167058,192.506664671286,469.359941193776,18.4904149167058,192.506664671286,1.70530256582424e-13,2.25599820415748,68.1372601370401,-104.038489266883,35.9012291298427,0,0,1306.71109780857,2104.72044545956,2250.65547605098,1775.93503059143,1610,1540
0.2,469.002139358643,23.0678426466059,193.128689300805,469.002139358643,23.0678426466059,193.128689300805,5.69543329542959e-14,2.81582037072416,68.2336978285907,-104.032575265661,35.7988774370706,0,0,1310.85792867203,2105.4347987303,2250.61166863453,1775.17686990423,1610,1540
0.24,468.566995784283,27.6153099563712,193.747626291714,468.566995784284,27.6153099563712,193.747626291714,5.6843418860808e-14,3.37286366254304,68.3350867123318,-104.034535686916,35.6994489745845,0,0,1314.9841752781,2106.18582749875,2250.62619027345,1774.4403627747,1610,1540
0.28,468.055796980542,32.1269806172387,194.362864827931,468.055796980542,32.1269806172387,194.362864827931,5.6843418860808e-14,3.92657834513777,68.4413494279938,-104.044360273463,35.6030108454694,0,0,1319.08576551954,2106.97295872588,2250.69896498862,1773.72600626274,1610,1540
0.32,467.470049540532,36.5971020774325,194.973797743297,467.470049540532,36.5971020774325,194.973797743297,0,4.47641796896739,68.5524039216718,-104.062030345752,35.5096264240806,0,0,1323.15865162198,2107.79558460498,2250.82985441298,1773.034269808,1610,1540
0.36,466.81147338183,41.0200183120166,195.579822120785,466.81147338183,41.0200183120166,195.579822120785,6.35528743231302e-14,5.02183990870613,68.6681634627989,-104.087518855302,35.4193553925027,0,0,1327.19881413856,2108.6530626874,2251.01865818742,1772.36559550002,1610,1540
0.4,466.081994064941,45.3901821839263,196.180339887499,466.081994064941,45.3901821839263,196.180339887499,0,5.56230589874905,68.7885366670099,-104.120790450722,35.3322537837122,0,0,1331.20226591666,2109.54471605192,2251.26511444979,1771.72039839787,1610,1540
0.44,465.283734237168,49.7021672583068,196.774758404906,465.283734237168,49.7021672583068,196.774758404906,6.35528743231302e-14,6.09728256441525,68.9134275249234,-104.161801556082,35.248374031159,0,0,1335.16505603271,2110.46983351795,2251.56890041543,1771.09906689747,1610,1540
0.48,464.419004255016,53.9506790167893,197.362491053694,464.419004255016,53.9506790167893,197.362491053694,7.105427357601e-15,6.6262419483242,69.0427354368508,-104.210500461315,35.1677650244645,0,0,1339.08327369129,2111.4276699026,2251.92963304678,1770.50196314418,1610,1540
0.52,463.490292042922,58.1305654232391,197.942957812696,463.490292042922,58.1305654232391,197.942957812696,1.27304196462098e-13,7.14866203142605,69.1763552534186,-104.266827424323,35.0904721709047,0,0,1342.95305208464,2112.41744632162,2252.3468698098,1769.92942348818,1610,1540
0.56,462.500252250157,62.2368267977483,198.515585831301,462.500252250157,62.2368267977483,198.515585831302,5.6843418860808e-14,7.66402724817131,69.3141773220738,-104.330714784404,35.0165374623305,0,0,1346.77057220868,2113.43835053388,2252.82010951411,1769.38175898023,1610,1540
0.6,461.451694771315,66.2646249611783,199.079809994791,461.451694771316,66.2646249611783,199.079809994791,6.35528743231302e-14,8.17182899531184,69.4560875394222,-104.402087086574,34.9459995471518,0,0,1350.53206663194,2114.48953732905,2253.34879323388,1768.85925590483,1610,1540
0.64,460.347572698842,70.2092916183094,199.635073482034,460.347572698842,70.2092916183094,199.635073482034,6.51223174224333e-14,8.67156613383088,69.6019674093346,-104.48086121633,34.8788938069952,0,0,1354.23382321356,2115.57012895803,2253.93230530615,1768.36217634811,1610,1540
0.68,459.190969778446,74.0663359535748,200.180828315007,459.190969778446,74.0663359535748,200.180828315007,2.8421709430404e-14,9.16274548350668,69.7516941067419,-104.566946544368,34.8152524376261,0,0,1357.87218876672,2116.6792156055,2254.56997440273,1767.89075879723,1610,1540
0.72,457.985087440161,77.8314514193835,200.71653589958,457.985087440161,77.8314514193835,200.71653589958,3.17764371615651e-14,9.64488230962194,69.9051405470259,-104.660245080734,34.7551045337085,0,0,1361.44357266387,2117.8158559039,2255.26107467211,1767.44521876821,1610,1540
0.76,456.733231479057,81.5005217031039,201.241667557043,456.733231479057,81.5005217031039,201.241667557043,8.03887338846093e-14,10.1175008013384,70.0621754609046,-104.760651637867,34.698476176962,0,0,1364.94445038028,2118.97907748818,2256.00482694716,1767.02574945898,1610,1540
0.8,455.438798460331,85.0696258648302,201.755705045849,455.438798460331,85.0696258648302,201.755705045849,8.16351451723282e-14,10.5801345412645,70.2226634746997,-104.86805400196,34.6453905272605,0,0,1368.37136697233,2120.16787759037,2256.80040001452,1766.63252242415,1610,1540
0.84,454.105261923651,88.5350426440305,202.25814107306,454.105261923651,88.5350426440305,202.25814107306,1.4210854715202e-14,11.0323269657536,70.3864651958682,-104.982333112076,34.5958679162073,0,0,1371.72094048706,2121.3812236731,2257.6469119413,1766.2656882682,1610,1540
0.88,452.736158461201,91.8932539390195,202.748479794974,452.736158461201,91.8932539390195,202.748479794974,1.0247593068766e-13,11.4736318154764,70.5534373036757,-105.103363246385,34.5499259427093,0,0,1374.98986529983,2122.6180541013,2258.5434314547,1765.9253773534,1610,1540
0.92,451.335073742929,95.1409474688516,203.226237306473,451.335073742929,95.1409474688516,203.226237306473,6.35528743231302e-14,11.9036135758257,70.7234326448843,-105.231012214951,34.5075795700669,0,0,1378.17491537649,2123.877278851,2259.48897937001,1765.61170051901,1610,1540
0.96,449.905628561085,98.2750186326546,203.690942118574,449.905628561085,98.2750186326546,203.690942118574,5.6843418860808e-14,12.3218479067164,70.8963003343297,-105.365141558418,34.4688412240887,0,0,1381.27294745716,2125.15778025429,2260.48253006236,1765.32474980806,1610,1540
1,448.451464964172,101.29257158656,204.142135623731,448.451464964172,101.29257158656,204.142135623731,5.85928550210846e-14,12.7279220613579,71.0718858602602,-105.505606751998,34.4337208917376,0,0,1384.28090415821,2126.45841377971,2261.52301297776,1765.06459919806,1610,1540
1.04,446.976232548098,104.1909195632,204.579372548428,446.976232548098,104.1909195632,204.579372548428,2.8421709430404e-14,13.1214352935854,71.2500311943142,-105.652257414123,34.402226219809,0,0,1387.19581698952,2127.77800884677,2262.60931417869,1764.83130533192,1610,1540
1.08,445.483574969557,106.967584463191,205.002221392609,445.483574969557,106.967584463191,205.002221392609,1.4210854715202e-14,13.5019992533483,71.4305749060179,-105.804937519165,34.3743626131475,0,0,1390.01480928406,2129.11536967421,2263.74027791974,1764.62490824554,1610,1540
1.12,443.97711674352,109.620295752087,205.410264855516,443.97711674352,109.620295752087,205.410264855516,2.8421709430404e-14,13.8692383699642,71.6133522816887,-105.963485613592,34.3501333319029,0,0,1392.73509903677,2130.46927616066,2264.91470824883,1764.44543208817,1610,1540
1.16,442.460450383289,112.146988699929,205.803100247514,442.460450383289,112.146988699929,205.803100247514,5.6843418860808e-14,14.2227902227624,71.7981954476387,-106.127735034974,34.3295395873353,0,0,1395.35400165009,2131.83848479732,2266.13137062944,1764.29288583211,1610,1540
1.2,440.937123937848,114.545802003696,206.180339887499,440.937123937848,114.545802003696,206.180339887499,2.8421709430404e-14,14.5623058987491,71.9849334975805,-106.297514133262,34.3125806356815,0,0,1397.86893258333,2133.22172961171,2267.38899357972,1764.16726396801,1610,1540
1.24,439.410628977267,116.815074835745,206.541611485491,439.410628977267,116.815074835745,206.541611485491,8.16351451723282e-14,14.8874503369421,72.1733926241478,-106.47264649375,34.2992538696021,0,0,1400.27740990327,2134.61772314184,2268.68627032407,1764.06854718224,1610,1540
1.28,437.8843890728,118.953343363553,206.88655851004,437.8843890728,118.953343363553,206.88655851004,8.5265128291212e-14,15.1979026590363,72.3633962544526,-106.652951161191,34.2895549067381,0,0,1402.5770567336,2136.02515744039,2270.02186045326,1763.99670301287,1610,1540
1.32,436.361748814023,120.959336787942,207.214840540079,436.361748814023,120.959336787942,207.214840540079,2.8421709430404e-14,15.493356486071,72.5547651896149,-106.838242864531,34.2834776749158,0,0,1404.76560360053,2137.44270510826,2271.39439158912,1763.95168648086,1610,1540
1.36,434.845963400968,122.831972948238,207.526133600877,434.845963400968,122.831972948238,207.526133600877,6.51223174224333e-14,15.7735202407895,72.7473177482091,-107.02833224176,34.2810144935512,0,0,1406.84089067252,2138.8690203571,2272.80246105008,1763.93344069297,1610,1540
1.4,433.340188844776,124.570353543745,207.820130483767,433.340188844777,124.570353543745,207.820130483767,8.16351451723282e-14,16.0381174353906,72.9408699135875,-107.223026064405,34.2821561508176,0,0,1408.80086989178,2140.30274010065,2274.24463751411,1763.94189741346,1610,1540
1.44,431.847472805933,126.173759021297,208.09654104932,431.847472805933,126.173759021297,208.09654104932,5.6843418860808e-14,16.2868869443884,73.1352354850519,-107.42212746121,34.2868919761577,0,0,1410.64360699547,2141.74248507446,2275.71946267563,1763.97697760117,1610,1540
1.48,430.370746094696,127.641643178635,208.35509251368,430.370746094696,127.641643178635,208.35509251368,1.27897692436818e-13,16.5195832623117,73.3302262328566,-107.625436140592,34.2952099077356,0,0,1412.36728342453,2143.18686098412,2277.22545289328,1764.03859190915,1610,1540
1.52,428.912814853968,128.973627532914,208.595529717765,428.912814853968,128.973627532914,208.595529717765,2.8421709430404e-14,16.7359767459885,73.525652057041,-107.832748611485,34.3070965544444,0,0,1413.97019811843,2144.63445968179,2278.76110082582,1764.12664114403,1610,1540
1.56,427.476353440532,130.169495502802,208.817615379085,427.476353440532,130.169495502802,208.817615379084,6.96186857221385e-14,16.9358538411761,73.721321150099,-108.043858402203,34.3225372521044,0,0,1415.4507691939,2146.0838603711,2280.32487705336,1764.24101668225,1610,1540
1.6,426.063898016443,131.229186451402,209.021130325903,426.063898016443,131.229186451402,209.021130325903,0,17.1190172933128,73.917040163506,-108.258556277013,34.3415161135075,0,0,1416.80753550602,2147.53363084079,2281.91523168158,1764.3816008408,1610,1540
1.64,424.677840858259,132.152789635677,209.205873713539,424.677840858259,132.152789635677,209.205873713539,2.8421709430404e-14,17.285286342185,74.112614378135,-108.476630450122,34.3640160719874,0,0,1418.03915809026,2148.98232872693,2283.53059592683,1764.54826719991,1610,1540
1.68,423.320425388012,132.940538106159,209.371663222573,423.320425388012,132.940538106159,209.371663222573,1.06344299035014e-13,17.4344969003154,74.3078478786005,-108.697866796819,34.3900189182181,0,0,1419.14442148382,2150.42850280445,2285.16938368014,1764.74088087569,1610,1540
1.72,421.99374192605,133.592802598565,209.518335238775,421.99374192605,133.592802598565,209.518335238775,2.8421709430404e-14,17.5665017148975,74.5025437315805,-108.92204906155,34.4195053299695,0,0,1420.12223492517,2151.870694308,2286.82999304852,1764.95929874051,1610,1540
1.76,420.699724162464,134.110085456522,209.645745014574,420.699724162464,134.110085456522,209.645745014574,2.8421709430404e-14,17.6811705131164,74.6965041681712,-109.148959062748,34.4524548945769,0,0,1420.97163343049,2153.30743828275,2288.51080787221,1765.20336958946,1610,1540
1.8,419.4401463405,134.493014621964,209.753766811903,419.4401463405,134.493014621964,209.753766811903,2.8421709430404e-14,17.7783901307125,74.8895307703354,-109.378376894243,34.4888461239077,0,0,1421.69177874602,2154.73726496545,2290.21019921662,1765.47293425117,1610,1540
1.84,418.216621142343,134.742337726951,209.84229402629,418.216621142343,134.742337726951,209.842294026289,5.6843418860808e-14,17.8580646236606,75.0814246615086,-109.610081123148,34.5286564616395,0,0,1422.28196017526,2156.15870119636,2291.92652683813,1765.76782564177,1610,1540
1.88,417.030598264801,134.858916317682,209.911239292062,417.030598264801,134.858916317682,209.911239292062,2.8421709430404e-14,17.9201153628554,75.2719867014285,-109.843848984126,34.5718622826978,0,0,1422.74159528041,2157.57027186243,2293.65814062316,1766.08786876072,1610,1540
1.92,415.883363669885,134.843720238411,209.960534568565,415.883363669885,134.843720238411,209.960534568565,4.01943669423046e-14,17.9644811117089,75.4610176852514,-110.07945656998,34.6184388847291,0,0,1423.0702304571,2158.97050137223,2295.40338199986,1766.43288062762,1610,1540
1.96,414.776039492875,134.69782219981,209.990131207315,414.776039492875,134.69782219981,209.990131207315,0,17.9911180865832,75.6483185470176,-110.316679018544,34.6683604715265,0,0,1423.2675413821,2160.35791516309,2297.16058532255,1766.80267015946,1610,1540
2,413.709584588392,134.422392553102,210,413.709584588392,134.422392553102,210,5.6843418860808e-14,18,75.8336905675211,-110.555290695875,34.7216001283542,0,0,1423.33333333333,2161.7310412409,2298.92807922871,1767.19703798781,1610,1540
2.04,412.684795693056,134.018694288109,209.990131207315,412.684795693056,134.018694288109,209.990131207315,8.5265128291212e-14,17.9911180865832,76.016935586628,-110.79506537579,34.7781297891619,0,0,1423.2675413821,2163.0884117528,2300.70418796881,1767.61577621601,1610,1540
2.08,411.702309181683,133.488078270112,209.960534568565,411.702309181683,133.488078270112,209.960534568566,1.13686837721616e-13,17.9644811117089,76.197856220082,-111.035776415795,34.8379201957133,0,0,1423.0702304571,2164.4285645932,2302.48723270959,1768.05866811639,1610,1540
2.12,410.762603392485,132.831978727293,209.911239292062,410.762603392485,132.831978727293,209.911239292062,5.6843418860808e-14,17.9201153628554,76.3762560808147,-111.277196929512,34.9009408486975,0,0,1422.74159528041,2165.75004504307,2304.2755328112,1768.52548776813,1610,1540
2.16,409.866001495501,132.051908997431,209.84229402629,409.866001495501,132.051908997431,209.84229402629,2.8421709430404e-14,17.8580646236606,76.5519400047658,-111.519099955701,34.967159950935,0,0,1422.28196017526,2167.05140744271,2306.06740707926,1769.01599963656,1610,1540
2.2,409.012674877419,131.149457539529,209.753766811903,409.012674877419,131.149457539529,209.753766811903,0,17.7783901307125,76.7247142811941,-111.761258624024,35.0365443428299,0,0,1421.69177874602,2168.33121689773,2307.86117499277,1769.52995809504,1610,1540
2.24,408.202647015092,130.126284213183,209.645745014574,408.202647015092,130.126284213183,209.645745014574,5.6843418860808e-14,17.6811705131164,76.894386887439,-112.003446317711,35.1090594302718,0,0,1420.97163343049,2169.58805101807,2309.65515790897,1770.0671068909,1610,1540
2.28,407.435797809322,128.984116825761,209.518335238775,407.435797809322,128.984116825761,209.518335238775,2.8421709430404e-14,17.5665017148975,77.0607677280632,-112.245436833295,35.1846691052323,0,0,1420.12223492517,2170.82050168936,2311.44768024663,1770.62717855728,1610,1540
2.32,406.711868349964,127.724747944886,209.371663222573,406.711868349964,127.724747944886,209.371663222573,5.6843418860808e-14,17.4344969003154,77.2236688782769,-112.48700453763,35.2633356593529,0,0,1419.14442148382,2172.02717687612,2313.23707064911,1771.20989377298,1610,1540
2.36,406.030466083011,126.350031971301,209.205873713539,406.030466083011,126.350031971301,209.205873713539,6.51223174224333e-14,17.285286342185,77.3829048315113,-112.727924522382,35.3450196908706,0,0,1418.03915809026,2173.20670245564,2315.02166312876,1771.81496067312,1610,1540
2.4,405.391070350017,124.861882464969,209.021130325903,405.391070350017,124.861882464969,209.021130325903,5.6843418860808e-14,17.1190172933128,77.5382927509713,-112.967972756249,35.4296800052777,0,0,1416.80753550602,2174.35772408127,2316.79979819444,1772.44207411317,1610,1540
2.44,404.79303827015,123.262269715235,208.817615379085,404.79303827015,123.262269715235,208.817615379084,5.6843418860808e-14,16.9358538411761,77.6896527249556,-113.20692623512,35.5172735101641,0,0,1415.4507691939,2175.47890907375,2318.56982396385,1773.0909148901,1610,1540
2.48,404.235610935063,121.553218544029,208.595529717765,404.235610935063,121.553218544029,208.595529717765,5.6843418860808e-14,16.7359767459885,77.836808025693,-113.44456313044,35.6077551047465,0,0,1413.97019811843,2176.56894833847,2320.33009726251,1773.76114892405,1610,1540
2.52,403.717919886895,119.736806329502,208.35509251368,403.717919886895,119.736806329502,208.35509251368,5.6843418860808e-14,16.5195832623117,77.9795853713928,-113.680662936031,35.7010775646381,0,0,1412.36728342453,2177.62655830661,2322.07898471134,1774.45242640473,1610,1540
2.56,403.238993849864,117.81516123603,208.09654104932,403.238993849864,117.81516123603,208.09654104932,8.16351451723282e-14,16.2868869443883,78.1178151911626,-113.915006613632,35.7971914224698,0,0,1410.64360699547,2178.6504828975,2323.81486380469,1775.16438090718,1610,1540
2.6,402.797765686146,115.790460635367,207.820130483767,402.797765686146,115.790460635367,207.820130483767,0,16.0381174353906,78.2513318923917,-114.147376737419,35.8960448450269,0,0,1408.80086989178,2179.6394954992,2325.53612398088,1775.89662848168,1610,1540
2.64,402.393079547045,113.664929702716,207.526133600877,402.393079547045,113.664929702716,207.526133600877,2.8421709430404e-14,15.7735202407895,78.3799741301477,-114.377557637766,35.9975835076188,0,0,1406.84089067252,2180.59240096406,2327.24116768716,1776.6487667231,1610,1540
2.68,402.023698190861,111.440840170727,207.214840540079,402.023698190861,111.440840170727,207.214840540079,6.51223174224333e-14,15.493356486071,78.5035850780773,-114.605335544531,36.1017504664533,0,0,1404.76560360053,2181.50803761539,2328.92841144097,1777.42037382558,1610,1540
2.72,401.688310439239,109.120509223864,206.88655851004,401.688310439239,109.120509223864,206.88655851004,8.5265128291212e-14,15.1979026590363,78.6220127002436,-114.830498730082,36.2084860298388,0,0,1402.5770567336,2182.38527926106,2330.5962868895,1778.21100762844,1610,1540
2.76,401.385538744318,106.706298515207,206.541611485491,401.385538744318,106.706298515207,206.541611485491,5.6843418860808e-14,14.8874503369421,78.7351100232791,-115.052837652366,36.317727629087,0,0,1400.27740990327,2183.22303720948,2332.24324186938,1779.0202046599,1610,1540
2.8,401.113946839458,104.200613287599,206.180339887499,401.113946839458,104.200613287599,206.180339887499,5.6843418860808e-14,14.5623058987491,78.8427354081685,-115.272145098209,36.4294096900405,0,0,1397.86893258333,2184.02026228273,2333.86774146821,1779.84747918548,1610,1540
2.84,400.872047446916,101.605901581039,205.803100247514,400.872047446916,101.605901581039,205.803100247514,7.65277946916073e-14,14.2227902227624,78.9447528209229,-115.488216327115,36.5434635061922,0,0,1395.35400165009,2184.77594682165,2335.46826908974,1780.69232226809,1610,1540
2.88,400.658310016407,98.9246535084423,205.410264855516,400.658310016407,98.9246535084423,205.410264855516,5.85928550210846e-14,13.8692383699642,79.0410321013455,-115.700849215754,36.6598171144082,0,0,1392.73509903677,2185.48912667663,2337.0433275241,1781.55420084747,1610,1540
2.92,400.471168469101,96.1594005822069,205.002221392609,400.471168469101,96.1594005822069,205.002221392609,8.03887338846093e-14,13.5019992533483,79.131449229033,-115.909844403337,36.7783951743037,0,0,1390.01480928406,2186.15888317802,2338.59144002472,1782.43255684669,1610,1540
2.96,400.309028922249,93.3127150745596,204.579372548428,400.309028922249,93.3127150745596,204.579372548428,1.4210854715202e-14,13.1214352935854,79.2158865857029,-116.11500543806,36.899118852357,0,0,1387.19581698952,2186.78434507928,2340.11115139304,1783.32680631376,1610,1540
3,400.170277370273,90.387209395292,204.142135623731,400.170277370273,90.387209395292,204.142135623731,8.16351451723282e-14,12.7279220613579,79.2942332128834,-116.316138924759,37.0219057118752,0,0,1384.28090415821,2187.3646904658,2341.60102907229,1784.23633860648,1610,1540
3.04,400.053287298865,87.3855354712744,203.690942118574,400.053287298865,87.3855354712744,203.690942118574,6.51223174224333e-14,12.3218479067164,79.3663850639544,-116.513054673903,37.1466696099484,0,0,1381.27294745716,2187.89914862188,2343.05966425113,1785.16051562925,1610,1540
3.08,399.956427209295,84.3103841130301,203.226237306473,399.956427209295,84.3103841130301,203.226237306473,3.17764371615651e-14,11.9036135758257,79.4322452494835,-116.705565852032,37.2733206025481,0,0,1378.17491537649,2188.38700184803,2344.48567297801,1786.09867112999,1610,1540
3.12,399.878068030876,81.1644843546441,202.748479794974,399.878068030876,81.1644843546441,202.748479794974,6.51223174224333e-14,11.4736318154764,79.4917242747618,-116.893489133695,37.4017648589328,0,0,1374.98986529983,2188.82758722046,2345.87769728663,1787.05011006617,1610,1540
3.16,399.816590400249,77.9506027543638,202.25814107306,399.816590400249,77.9506027543638,202.25814107306,1.4210854715202e-14,11.0323269657536,79.5447402684075,-117.076644854935,37.5319045865276,0,0,1371.72094048706,2189.2202982845,2347.23440633285,1788.01410804835,1610,1540
3.2,399.770391786888,74.6715426444051,201.755705045849,399.770391786888,74.6715426444051,201.75570504585,5.6843418860808e-14,10.5801345412645,79.5912192008828,-117.254857168321,37.6636379674382,0,0,1368.37136697233,2189.56458667321,2348.55449754312,1788.98991086991,1610,1540
3.24,399.737893445006,71.3301433196933,201.241667557043,399.737893445006,71.3301433196933,201.241667557043,6.35528743231302e-14,10.1175008013383,79.6310950917449,-117.427954199487,37.7968591077423,0,0,1364.94445038028,2189.85996364256,2349.83669777398,1789.97673413142,1610,1540
3.28,399.717547172776,67.9292791565356,200.71653589958,399.717547172776,67.9292791565356,200.71653589958,5.6843418860808e-14,9.64488230962194,79.6643102044436,-117.595768205123,37.9314580006793,0,0,1361.44357266387,2190.1060015144,2351.07976448239,1790.973762968,1610,1540
3.32,399.707841860625,64.471858653517,200.180828315007,399.707841860625,64.471858653517,200.180828315007,8.16351451723282e-14,9.16274548350668,79.6908152274733,-117.758135732294,38.0673205048211,0,0,1357.87218876672,2190.30233501832,2352.28248690588,1791.98015188756,1610,1540
3.36,399.707309811088,60.9608233882348,199.635073482034,399.707309811088,60.9608233882348,199.635073482034,1.4210854715202e-13,8.67156613383088,79.7105694406953,-117.914897778957,38.2043283382617,0,0,1354.23382321356,2190.44866252367,2353.44368725153,1792.99502472786,1610,1540
3.4,399.714532813593,57.3991468848146,199.079809994791,399.714532813593,57.3991468848146,199.079809994791,5.72857867687912e-14,8.17182899531184,79.7235408656629,-118.065899955472,38.3423590898089,0,0,1350.53206663194,2190.54474715306,2354.56222189238,1794.01747473933,1610,1540
3.44,399.728147958297,53.7898333884787,198.515585831301,399.728147958297,53.7898333884787,198.515585831301,0,7.66402724817131,79.7297063988092,-118.2109926469,38.4812862480906,0,0,1346.77057220868,2190.59041776896,2355.63698256963,1795.04656480067,1610,1540
3.48,399.746853174008,50.1359165447498,197.942957812696,399.746853174008,50.1359165447498,197.942957812696,1.0247593068766e-13,7.14866203142605,79.7290519263982,-118.35003117581,38.620979249412,0,0,1342.95305208464,2190.58556982517,2356.66689759859,1796.08132777342,1610,1540
3.52,399.769412475999,46.4404579821631,197.362491053694,399.769412475999,46.4404579821631,197.362491053694,8.07021414431158e-14,6.62624194832421,79.7215724201885,-118.482875965298,38.7613035451092,0,0,1339.08327369129,2190.53016607547,2357.65093307628,1797.12076700081,1610,1540
3.56,399.794660910442,42.706545798612,196.774758404906,399.794660910442,42.706545798612,196.774758404906,8.03887338846093e-14,6.09728256441524,79.7072720128239,-118.609392701869,38.9021206890448,0,0,1335.16505603271,2190.42423713203,2358.58809408792,1798.16385695589,1610,1540
3.6,399.821509183017,38.9372929526663,196.180339887499,399.821509183017,38.9372929526663,196.180339887499,5.6843418860808e-14,5.56230589874906,79.6861640520364,-118.729452497817,39.043288445781,0,0,1331.20226591666,2190.26788186694,2359.47742590976,1799.20954404282,1610,1540
3.64,399.848947960154,35.1358355623581,195.579822120785,399.848947960154,35.1358355623581,195.579822120785,1.02721971691728e-13,5.02183990870612,79.6582711328348,-118.842932052677,39.1846609198423,0,0,1327.19881413856,2190.06126765063,2360.31801520502,1800.25674755439,1610,1540
3.68,399.876051832238,31.3053311150284,194.973797743297,399.876051832238,31.3053311150284,194.973797743297,2.8421709430404e-14,4.47641796896739,79.6236251069503,-118.949713813306,39.3260887063555,0,0,1323.15865162198,2189.80463042185,2361.10899120967,1801.30436078782,1610,1540
3.72,399.901982929022,27.4489565928613,194.362864827931,399.901982929022,27.4489565928613,194.362864827931,5.69543329542959e-14,3.92657834513776,79.5822670689153,-119.049686132125,39.4674190632094,0,0,1319.08576551954,2189.49827458456,2361.84952690463,1802.35125232007,1610,1540
3.76,399.925994178387,23.5699065196868,193.747626291714,399.925994178387,23.5699065196868,193.747626291715,8.04672002125963e-14,3.37286366254304,79.5342473182736,-119.142743423012,39.6084961047385,0,0,1314.9841752781,2189.14257272795,2362.53884017046,1803.39626744251,1610,1540
3.8,399.947432200497,19.6713909355116,193.128689300805,399.947432200497,19.6713909355116,193.128689300805,6.3652098231049e-14,2.81582037072416,79.4796252975466,-119.228786314324,39.7491610167776,0,0,1310.85792867203,2188.73796516701,2363.17619492092,1804.43822975391,1610,1540
3.84,399.965739830332,15.7566333060298,192.506664671286,399.965739830332,15.7566333060298,192.506664671286,5.68711676634668e-14,2.25599820415748,79.4184695057157,-119.307721798498,39.8892522927819,0,0,1306.71109780857,2188.2849593016,2363.76090221109,1805.4759429095,1610,1540
3.88,399.980458262492,11.8288683750698,191.88216626637,399.980458262492,11.8288683750698,191.88216626637,5.6843418860808e-14,1.69394963973326,79.3508573871267,-119.379463377673,40.028605990546,0,0,1302.54777510914,2187.78412879353,2364.29232131609,1806.50819252256,1610,1540
3.92,399.991228813102,7.89133996853945,191.255810390586,399.991228813102,7.89133996853945,191.255810390586,1.42133524974951e-13,1.13022935152764,79.2768751958706,-119.443931204764,40.1670560088934,0,0,1298.37206927058,2187.236112562,2364.76986077603,1807.53374821403,1610,1540
3.96,399.997794294585,3.94729875894854,190.628215181563,399.997794294585,3.94729875894854,190.628215181563,2.84251786656236e-14,0.565393663406308,79.1966178358507,-119.5010522194,40.3044343835495,0,0,1294.18810121042,2186.64161359889,2365.19297940296,1808.55136580407,1610,1540
4,400,1.53893655497743e-14,190,400,1.53893655497743e-14,190,5.6843418860808e-14,2.20436423846524e-15,79.1101886769017,-119.550760278151,40.4405716012489,0,0,1290,2186.00139760668,2365.56118724556,1809.55978963888,1610,1540
4.04,399.997794294585,-3.94729875894851,189.371784818437,399.997794294585,-3.94729875894851,189.371784818437,2.84251786656236e-14,-0.565393663406304,79.0176993474878,-119.592996278461,40.5752969309731,0,0,1285.81189878958,2185.31629146287,2365.87404650712,1810.55775504425,1610,1540
4.08,399.991228813102,-7.89133996853942,188.744189609414,399.991228813102,-7.89133996853942,188.744189609414,2.8421709430404e-14,-1.13022935152764,78.919269504662,-119.627708275728,40.7084387710659,0,0,1281.62793072942,2184.58718151602,2366.1311724128,1811.54399089678,1610,1540
4.12,399.980458262492,-11.8288683750698,188.11783373363,399.980458262492,-11.8288683750698,188.11783373363,1.77635683940025e-15,-1.69394963973325,78.8150265821289,-119.654851592957,40.8398250108283,0,0,1277.45222489086,2183.81501171947,2366.33223402191,1812.51722230243,1610,1540
4.16,399.965739830332,-15.7566333060298,187.493335328714,399.965739830332,-15.7566333060298,187.493335328714,1.13686837721616e-13,-2.25599820415748,78.7051055174005,-119.674388922463,40.9692834050628,0,0,1273.28890219143,2183.00078161037,2366.47695498121,1813.47617337084,1610,1540
4.2,399.947432200497,-19.6713909355115,186.871310699195,399.947432200497,-19.6713909355115,186.871310699195,5.6843418860808e-14,-2.81582037072415,78.5896484591855,-119.686290419099,41.0966419599135,0,0,1269.14207132797,2182.14554414211,2366.56511421555,1814.41957007343,1610,1540
4.24,399.925994178387,-23.5699065196869,186.252373708286,399.925994178387,-23.5699065196869,186.252373708286,5.69543329542959e-14,-3.37286366254305,78.4688044562861,-119.690533784523,41.2217293282371,0,0,1265.0158247219,2181.2504033799,2366.59654655202,1815.34614317213,1610,1540
4.28,399.901982929022,-27.4489565928613,185.637135172069,399.901982929022,-27.4489565928613,185.637135172069,0,-3.92657834513776,78.342729129409,-119.687104342054,41.3443752126453,0,0,1260.91423448046,2180.3165120697,2366.57114327448,1816.25463120478,1610,1540
4.32,399.876051832238,-31.3053311150284,185.026202256703,399.876051832238,-31.3053311150284,185.026202256703,5.6843418860808e-14,-4.47641796896739,78.2115843274119,-119.675995101688,41.464410774276,0,0,1256.84134837802,2179.34506909194,2366.4888526051,1817.14378351316,1610,1540
4.36,399.848947960154,-35.1358355623581,184.420177879215,399.848947960154,-35.1358355623581,184.420177879216,1.13686837721616e-13,-5.02183990870612,78.0755377696136,-119.6572068149,41.581669045286,0,0,1252.80118586144,2178.33731681195,2366.34968011037,1818.01236329841,1610,1540
4.4,399.821509183017,-38.9372929526664,183.819660112501,399.821509183017,-38.9372929526664,183.819660112501,2.92964275105423e-14,-5.56230589874906,77.9347626758853,-119.630748018898,41.6959853430127,0,0,1248.79773408334,2177.29453833989,2366.15368902887,1818.85915068898,1610,1540
4.44,399.794660910442,-42.7065457986119,183.225241595094,399.794660910442,-42.7065457986119,183.225241595094,6.35528743231302e-14,-6.09728256441524,77.7894373863176,-119.596635070037,41.8071976837198,0,0,1244.83494396729,2176.21805471346,2365.9010005188,1819.68294580533,1610,1540
4.48,399.769412475999,-46.4404579821631,182.637508946306,399.769412475999,-46.4404579821632,182.637508946306,8.07021414431158e-14,-6.62624194832421,77.6397449723165,-119.554892166151,41.9151471938343,0,0,1240.91672630871,2175.10922201716,2365.59179382334,1820.48257180618,1610,1540
4.52,399.746853174008,-50.1359165447497,182.057042187304,399.746853174008,-50.1359165447497,182.057042187304,2.92964275105423e-14,-7.14866203142604,77.485872841025,-119.505551357611,42.0196785165855,0,0,1237.04694791536,2173.96942845204,2365.22630635267,1821.25687790063,1610,1540
4.56,399.728147958297,-53.7898333884786,181.484414168699,399.728147958297,-53.7898333884786,181.484414168699,2.8421709430404e-14,-7.66402724817131,77.3280123349914,-119.448652546981,42.12064021199,0,0,1233.22942779132,2172.80009137031,2364.80483368134,1822.00474231104,1610,1540
4.6,399.714532813593,-57.3991468848145,180.920190005209,399.714532813593,-57.3991468848145,180.920190005209,7.105427357601e-15,-8.17182899531183,77.1663583290153,-119.384243477177,42.2178851481622,0,0,1229.46793336806,2171.602654289,2364.32772946057,1822.72507517157,1610,1540
4.64,399.707309811088,-60.9608233882348,180.364926517966,399.707309811089,-60.9608233882348,180.364926517966,8.07021414431158e-14,-8.67156613383088,77.0011088260898,-119.312379708091,42.3112708820014,0,0,1225.76617678644,2170.37858389696,2363.79540524512,1823.41682134816,1610,1540
4.68,399.707841860625,-64.4718586535169,179.819171684993,399.707841860625,-64.4718586535169,179.819171684992,8.5265128291212e-14,-9.16274548350668,76.8324645543359,-119.233124581714,42.4006600273778,0,0,1222.12781123328,2169.12936706915,2363.20833023492,1824.07896316576,1610,1540
4.72,399.717547172776,-67.9292791565356,179.28346410042,399.717547172776,-67.9292791565356,179.28346410042,2.8421709430404e-14,-9.64488230962194,76.6606285667748,-119.146549175815,42.4859206090402,0,0,1218.55642733613,2167.85650790204,2362.56703093196,1824.71052302993,1610,1540
4.76,399.737893445006,-71.3301433196932,178.758332442957,399.737893445006,-71.3301433196932,178.758332442957,5.85928550210846e-14,-10.1175008013383,76.4858058457328,-119.052732246306,42.5669264005737,0,0,1215.05554961972,2166.56152478321,2361.87209071338,1825.31056593018,1610,1540
4.8,399.770391786888,-74.6715426444051,178.244294954151,399.770391786888,-74.6715426444051,178.244294954151,0,-10.5801345412645,76.3082029135901,-118.951760158449,42.6435572448587,0,0,1211.62863302767,2165.24594750808,2361.12414932184,1825.87820181377,1610,1540
4.84,399.816590400249,-77.9506027543638,177.74185892694,399.816590400249,-77.9506027543638,177.74185892694,2.8421709430404e-14,-11.0323269657536,76.1280274515038,-118.843726807122,42.7156993556186,0,0,1208.27905951294,2163.91131445558,2360.32390227498,1826.4125878194,1610,1540
4.88,399.878068030876,-81.1644843546441,177.251520205026,399.878068030876,-81.1644843546441,177.251520205026,0,-11.4736318154764,75.9454879276281,-118.72873352641,42.783245598782,0,0,1205.01013470017,2162.55916983428,2359.47210019563,1826.91293036135,1610,1540
4.92,399.956427209295,-84.3103841130301,176.773762693527,399.956427209295,-84.3103841130301,176.773762693527,0,-11.9036135758257,75.7607932362466,-118.606888988787,42.8460957525405,0,0,1201.82508462351,2161.19106100923,2358.56954806509,1827.37848705586,1610,1540
4.96,400.053287298865,-87.3855354712744,176.309057881426,400.053287298865,-87.3855354712744,176.309057881426,3.17764371615651e-14,-12.3218479067164,75.5741523491072,-118.478309094244,42.9041567451367,0,0,1198.72705254284,2159.80853591931,2357.61710440181,1827.80856848249,1610,1540
5,400.170277370273,-90.387209395292,175.857864376269,400.170277370273,-90.387209395292,175.857864376269,1.13686837721616e-13,-12.7279220613579,75.3857739801225,-118.343116849703,42.9573428695808,0,0,1195.71909584179,2158.4131405935,2356.61568036817,1828.20253977467,1610,1540
5.04,400.309028922249,-93.3127150745596,175.420627451572,400.309028922249,-93.3127150745596,175.420627451572,6.35528743231302e-14,-13.1214352935854,75.1958662644591,-118.201442239113,43.0055759746536,0,0,1192.80418301048,2157.00641677377,2355.56623880824,1828.55982203447,1610,1540
5.08,400.471168469101,-96.1594005822069,174.997778607391,400.471168469101,-96.1594005822069,174.997778607391,2.8421709430404e-14,-13.5019992533483,75.0046364529027,-118.053422084622,43.0487856317197,0,0,1189.98519071594,2155.58989965113,2354.46979321942,1828.87989356829,1610,1540
5.12,400.658310016407,-98.9246535084423,174.589735144484,400.658310016407,-98.9246535084423,174.589735144484,3.17764371615651e-14,-13.8692383699642,74.8122906222388,-117.899199899273,43.0869092770342,0,0,1187.26490096323,2154.16511572029,2353.32740666128,1829.16229094099,1610,1540
5.16,400.872047446916,-101.605901581039,174.196899752486,400.872047446916,-101.605901581039,174.196899752486,8.5265128291212e-14,-14.2227902227624,74.6190334022479,-117.738925731634,43.1198923293858,0,0,1184.64599834991,2152.73358075739,2352.14019060469,1829.4066098473,1610,1540
5.2,401.113946839458,-104.200613287599,173.819660112501,401.113946839458,-104.200613287599,173.819660112501,6.96186857221385e-14,-14.562305898749,74.4250677197661,-117.572756002837,43.1476882830707,0,0,1182.13106741667,2151.29679792419,2350.90930372472,1829.61250580052,1610,1540
5.24,401.385538744318,-106.706298515207,173.458388514509,401.385538744318,-106.706298515207,173.458388514509,6.51223174224333e-14,-14.8874503369421,74.2305945601238,-117.400853336465,43.1702587763408,0,0,1179.72259009673,2149.85625600092,2349.63595064048,1829.77969463956,1610,1540
5.28,401.688310439239,-109.120509223864,173.11344148996,401.688310439239,-109.120509223864,173.11344148996,5.85928550210846e-14,-15.1979026590363,74.0358127461344,-117.223386381741,43.1875736356064,0,0,1177.4229432664,2148.41342774914,2348.32138060549,1829.90795285634,1610,1540
5.32,402.023698190861,-111.440840170727,172.785159459921,402.023698190861,-111.440840170727,172.785159459921,5.85928550210846e-14,-15.493356486071,73.8409187346716,-117.04052963048,43.1996108958081,0,0,1175.23439639947,2146.96976840498,2346.9668861517,1829.99711774673,1610,1540
5.36,402.393079547045,-113.664929702716,172.473866399123,402.393079547045,-113.664929702716,172.473866399123,0,-15.7735202407895,73.6461064307479,-116.852463228237,43.2063567974892,0,0,1173.15910932748,2145.52671430184,2345.57380169065,1830.04708738881,1610,1540
5.4,402.797765686146,-115.790460635367,172.179869516233,402.797765686146,-115.790460635367,172.179869516233,5.6843418860808e-14,-16.0381174353906,73.4515670188821,-116.659372780096,43.2078057612144,0,0,1171.19913010822,2144.08568162135,2344.14350207479,1830.05782045344,1610,1540
5.44,403.238993849864,-117.81516123603,171.90345895068,403.238993849864,-117.81516123603,171.90345895068,5.85928550210846e-14,-16.2868869443883,73.2574888114361,-116.461449151514,43.2039603400778,0,0,1169.35639300453,2142.6480652699,2342.67740112232,1830.02933585243,1610,1540
5.48,403.717919886895,-119.736806329502,171.64490748632,403.717919886895,-119.736806329502,171.64490748632,5.85928550210846e-14,-16.5195832623117,73.0640571134924,-116.258888264626,43.1948311511332,0,0,1167.63271657547,2141.21523787772,2341.17695010834,1829.96171223062,1610,1540
5.52,404.235610935063,-121.553218544029,171.404470282235,404.235610935063,-121.553218544029,171.404470282235,2.8421709430404e-14,-16.7359767459885,72.8714541037503,-116.051890890406,43.1804367866561,0,0,1166.02980188157,2139.78854891667,2339.64363622523,1829.85508730856,1610,1540
5.56,404.79303827015,-123.262269715235,171.182384620915,404.79303827015,-123.262269715235,171.182384620915,0,-16.9358538411761,72.6798587308345,-115.840662437045,43.1608037062105,0,0,1164.5492308061,2138.36932393211,2338.07898101515,1829.70965708304,1610,1540
5.6,405.391070350017,-124.861882464969,170.978869674097,405.391070350017,-124.861882464969,170.978869674097,8.98773367955636e-14,-17.1190172933128,72.4894466243308,-115.625412734882,43.1359661105508,0,0,1163.19246449398,2136.95886388393,2336.4845387769,1829.52567489297,1610,1540
5.64,406.03046608301,-126.350031971301,170.794126286461,406.030466083011,-126.350031971301,170.794126286461,5.85928550210846e-14,-17.285286342185,72.3003900198013,-115.406355818229,43.1059657984273,0,0,1161.96084190974,2135.55844459112,2334.86189494984,1829.30345035872,1610,1540
5.68,406.711868349964,-127.724747944886,170.628336777427,406.711868349964,-127.724747944886,170.628336777427,5.6843418860808e-14,-17.4344969003154,72.1128576969733,-115.183709704372,43.0708520073992,0,0,1160.85557851618,2134.16931627388,2333.21266447683,1829.04334820296,1610,1540
5.72,407.435797809322,-128.984116825761,170.481664761225,407.435797809322,-128.984116825761,170.481664761225,2.8421709430404e-14,-17.5665017148974,71.9270149302513,-114.957696170028,43.0306812397764,0,0,1159.87776507483,2132.79270318705,2331.53849014835,1828.74578696131,1610,1540
5.76,408.202647015092,-130.126284213183,170.354254985426,408.202647015092,-130.126284213183,170.354254985426,2.8421709430404e-14,-17.6811705131164,71.7430234506649,-114.728540525492,42.9855170748273,0,0,1159.02836656951,2131.42980333826,2329.84104092957,1828.41123759131,1610,1540
5.8,409.012674877419,-131.149457539529,170.246233188097,409.012674877419,-131.149457539529,170.246233188097,6.96186857221385e-14,-17.7783901307125,71.5610414183375,-114.496471386723,42.9354299683855,0,0,1158.30822125398,2130.08178828398,2328.12201027202,1828.04022198804,1610,1540
5.84,409.866001495501,-132.051908997431,170.15770597371,409.866001495501,-132.051908997431,170.15770597371,2.8421709430404e-14,-17.8580646236606,71.3812234045458,-114.261720445536,42.8804970409898,0,0,1157.71803982474,2128.74980299664,2326.38311441137,1827.63331141474,1610,1540
5.88,410.762603392485,-132.831978727293,170.088760707938,410.762603392485,-132.831978727293,170.088760707938,4.01943669423046e-14,-17.9201153628554,71.2037203824259,-114.024522238095,42.820801855669,0,0,1157.25840471959,2127.43496579575,2324.62609065255,1827.19112485681,1610,1540
5.92,411.702309181683,-133.488078270112,170.039465431435,411.702309181683,-133.488078270112,170.039465431435,1.53055589383215e-13,-17.9644811117089,71.028679725385,-113.785113911855,42.7564341864703,0,0,1156.9297695429,2126.13836833619,2322.85269564337,1826.71432730719,1610,1540
5.96,412.684795693056,-134.018694288109,170.009868792685,412.684795693056,-134.018694288109,170.009868792685,8.03887338846093e-14,-17.9911180865832,70.8562452122799,-113.543734991076,42.687489778796,0,0,1156.7324586179,2124.86107564652,2321.0647036376,1826.20362799108,1610,1540
6,413.709584588392,-134.422392553102,170,413.709584588392,-134.422392553102,170,0,-18,70.6865570384387,-113.300627141024,42.6140701025858,0,0,1156.66666666667,2123.60412621066,2319.26390474833,1825.65977853767,1610,1540
6.04,414.776039492875,-134.69782219981,170.009868792685,414.776039492875,-134.69782219981,170.009868792685,0,-17.9911180865832,70.5197518316197,-113.056033930961,42.5362820993412,0,0,1156.7324586179,2122.36853208607,2317.4521031923,1825.08357110623,1610,1540
6.08,415.883363669885,-134.843720238411,170.039465431435,415.883363669885,-134.843720238411,170.039465431435,0,-17.9644811117089,70.3559626720272,-112.810200595979,42.4542379239515,0,0,1156.9297695429,2121.15527905205,2315.63111552577,1824.47583647371,1610,1540
6.12,417.030598264801,-134.858916317682,170.088760707938,417.030598264801,-134.858916317682,170.088760707938,8.03887338846093e-14,-17.9201153628554,70.1953191155319,-112.563373797765,42.3680546822331,0,0,1157.25840471959,2119.96532678172,2313.80276887233,1823.83744209062,1610,1540
6.16,418.216621142343,-134.742337726951,170.15770597371,418.216621142343,-134.742337726951,170.15770597371,1.30244634844867e-13,-17.8580646236606,70.0379472192807,-112.315801384333,42.2778541650526,0,0,1157.71803982474,2118.79960903171,2311.96889914321,1823.1692901115,1610,1540
6.2,419.4401463405,-134.493014621964,170.246233188097,419.4401463405,-134.493014621964,170.246233188097,1.17185710042169e-13,-17.7783901307125,69.8839695689139,-112.067732148768,42.1837625798538,0,0,1158.30822125398,2117.65903384381,2310.13134925013,1822.47231540632,1610,1540
6.24,420.699724162464,-134.110085456522,170.354254985426,420.699724162464,-134.110085456522,170.354254985426,2.8421709430404e-14,-17.6811705131164,69.7335053066544,-111.819415587015,42.0859102803605,0,0,1159.02836656951,2116.544483753,2308.29196731122,1821.74748355823,1610,1540
6.28,421.99374192605,-133.592802598565,170.481664761225,421.99374192605,-133.592802598565,170.481664761225,2.8421709430404e-14,-17.5665017148975,69.5866701595735,-111.571101654755,41.9844314951819,0,0,1159.87776507483,2115.45681599684,2306.45260485004,1820.9957888532,1610,1540
6.32,423.320425388012,-132.940538106159,170.628336777427,423.320425388012,-132.940538106159,170.628336777427,5.6843418860808e-14,-17.4344969003154,69.4435764673856,-111.323040523381,41.8794640559955,0,0,1160.85557851618,2114.39686272138,2304.61511498801,1820.21825226663,1610,1540
6.36,424.677840858259,-132.152789635677,170.794126286461,424.677840858259,-132.152789635677,170.794126286461,2.8421709430404e-14,-17.285286342185,69.3043332091718,-111.075482335109,41.7711491259376,0,0,1161.96084190974,2113.36543117905,2302.78135063044,1819.41591945139,1610,1540
6.4,426.063898016443,-131.229186451402,170.978869674097,426.063898016443,-131.229186451402,170.978869674097,2.8421709430404e-14,-17.1190172933128,69.1690460284815,-110.828676957266,41.659630928784,0,0,1163.19246449398,2112.36330391468,2300.95316264641,1818.58985873173,1610,1540
6.44,427.476353440532,-130.169495502802,171.182384620915,427.476353440532,-130.169495502802,171.182384620915,2.8421709430404e-14,-16.9358538411761,69.0378172563117,-110.582873735773,41.5450564794612,0,0,1164.5492308061,2111.39123893564,2299.13239804276,1817.74115910712,1610,1540
6.48,428.912814853968,-128.973627532914,171.404470282235,428.912814853968,-128.973627532914,171.404470282235,1.30244634844867e-13,-16.7359767459885,68.9107459315134,-110.338321247896,41.4275753163823,0,0,1166.02980188157,2110.44996986306,2297.32089813256,1816.8709282695,1610,1540
6.52,430.370746094696,-127.641643178635,171.64490748632,430.370746094696,-127.641643178635,171.64490748632,5.6843418860808e-14,-16.5195832623117,68.7879278182265,-110.095267054292,41.3073392360659,0,0,1167.63271657547,2109.54020606094,2295.52049669846,1815.98029063753,1610,1540
6.56,431.847472805933,-126.173759021297,171.90345895068,431.847472805933,-126.173759021297,171.90345895068,5.85928550210846e-14,-16.2868869443884,68.6694554199935,-109.853957450448,41.184502030454,0,0,1169.35639300453,2108.66263274069,2293.73301815146,1815.07038541077,1610,1540
6.6,433.340188844776,-124.570353543745,172.179869516233,433.340188844776,-124.570353543745,172.179869516233,1.30244634844867e-13,-16.0381174353906,68.5554179902547,-109.614637217567,41.0592192273125,0,0,1171.19913010822,2107.81791103892,2291.96027568568,1814.14236464676,1610,1540
6.64,434.845963400968,-122.831972948238,172.473866399123,434.845963400968,-122.831972948238,172.473866399123,1.44922850995294e-13,-15.7735202407895,68.4459015389754,-109.377549373039,40.9316478340638,0,0,1173.15910932748,2107.00667806648,2290.20406942992,1813.19739136344,1610,1540
6.68,436.361748814023,-120.959336787942,172.785159459921,436.361748814023,-120.959336787942,172.785159459921,2.8421709430404e-14,-15.493356486071,68.340988835205,-109.142934920576,40.8019460853711,0,0,1175.23439639947,2106.22954692744,2288.46618459686,1812.23663766942,1610,1540
6.72,437.8843890728,-118.953343363554,173.11344148996,437.8843890728,-118.953343363554,173.11344148996,8.16351451723282e-14,-15.1979026590363,68.2407594054154,-108.911032600183,40.6702731947675,0,0,1177.4229432664,2105.48710670678,2286.74838963099,1811.2612829242,1610,1540
6.76,439.410628977267,-116.815074835745,173.458388514509,439.410628977267,-116.815074835745,173.458388514509,2.8421709430404e-14,-14.8874503369421,68.1452895275126,-108.682078638109,40.5367891105965,0,0,1179.72259009673,2104.77992242602,2285.05243435636,1810.27251193034,1610,1540
6.8,440.937123937848,-114.545802003696,173.819660112501,440.937123937848,-114.545802003696,173.819660112501,0,-14.5623058987491,68.0546522204593,-108.45630649697,40.4016542765108,0,0,1182.13106741667,2104.10853496636,2283.3800481257,1809.27151315934,1610,1540
6.84,442.460450383289,-112.146988699929,174.196899752486,442.460450383289,-112.146988699929,174.196899752486,2.8421709430404e-14,-14.2227902227624,67.9689172294907,-108.233946626247,40.2650293967567,0,0,1184.64599834991,2103.47346095919,2281.7329379722,1808.25947701301,1610,1540
6.88,443.97711674352,-109.620295752087,174.589735144484,443.97711674352,-109.620295752087,174.589735144484,8.16351451723282e-14,-13.8692383699642,67.8881510069476,-108.0152262134,40.1270752064523,0,0,1187.26490096323,2102.87519264406,2280.11278676592,1807.23759412187,1610,1540
6.92,445.483574969557,-106.967584463191,174.997778607391,445.483574969557,-106.967584463191,174.997778607391,2.8421709430404e-14,-13.5019992533483,67.8124166887885,-107.800368935845,39.9879522470569,0,0,1189.98519071594,2102.31419769473,2278.52125137663,1806.2070536819,1610,1540
6.96,446.976232548098,-104.1909195632,175.420627451572,446.976232548098,-104.1909195632,175.420627451572,6.51223174224333e-14,-13.1214352935854,67.7417740668831,-107.589594714098,39.8478206472146,0,0,1192.80418301048,2101.79091901395,2276.95996084517,1805.16904183122,1610,1540
7,448.451464964172,-101.29257158656,175.857864376269,448.451464964172,-101.29257158656,175.857864376269,2.8421709430404e-14,-12.7279220613579,67.6762795572231,-107.383119466367,39.7068399091438,0,0,1195.71909584179,2101.30577449795,2275.43051456568,1804.12474006773,1610,1540
7.04,449.905628561085,-98.2750186326546,176.309057881426,449.905628561085,-98.2750186326547,176.309057881426,3.17764371615651e-14,-12.3218479067164,67.615986164223,-107.181154864963,39.5651687007404,0,0,1198.72705254284,2100.85915677202,2273.93448048121,1803.07532370919,1610,1540
7.08,451.335073742929,-95.1409474688516,176.773762693527,451.335073742929,-95.1409474688516,176.773762693527,2.8421709430404e-14,-11.9036135758257,67.5609434413115,-106.983908094861,39.4229646535491,0,0,1201.82508462351,2100.4514328986,2272.47339329526,1802.02196039666,1610,1540
7.12,452.736158461201,-91.8932539390195,177.251520205026,452.736158461201,-91.8932539390195,177.251520205026,5.85928550210846e-14,-11.4736318154764,67.5111974480468,-106.791581614806,39.2803841667596,0,0,1205.01013470017,2100.08294405961,2271.04875270227,1800.96580864266,1610,1540
7.16,454.105261923651,-88.5350426440305,177.74185892694,454.105261923651,-88.5350426440305,177.74185892694,2.8421709430404e-14,-11.0323269657536,67.4667907040155,-106.604372921388,39.1375822173725,0,0,1208.27905951294,2099.75400521493,2269.66202163991,1799.90801642498,1610,1540
7.2,455.438798460331,-85.0696258648302,178.244294954151,455.43879846033,-85.0696258648302,178.24429495415,6.51223174224333e-14,-10.5801345412645,67.4277621397994,-106.422474316482,38.9947121766827,0,0,1211.62863302767,2099.46490473925,2268.31462456653,1798.84971982728,1610,1540
7.24,456.733231479057,-81.500521703104,178.758332442957,456.733231479057,-81.500521703104,178.758332442957,5.85928550210846e-14,-10.1175008013384,67.3941470453169,-106.246072678539,38.8519256332223,0,0,1215.05554961972,2099.21590403938,2267.00794576696,1797.79204172757,1610,1540
7.28,457.985087440161,-77.8314514193834,179.28346410042,457.985087440161,-77.8314514193834,179.28346410042,1.4210854715202e-14,-9.64488230962193,67.3659770158672,-106.075349238171,38.7093722223033,0,0,1218.55642733613,2099.00723715457,2265.74332769015,1796.73609053558,1610,1540
7.32,459.190969778446,-74.0663359535747,179.819171684993,459.190969778446,-74.0663359535747,179.819171684993,8.5265128291212e-14,-9.16274548350668,67.3432798962228,-105.910479358522,38.5671994622987,0,0,1222.12781123328,2098.83911034239,2264.52206932238,1795.68295897999,1610,1540
7.36,460.347572698842,-70.2092916183094,180.364926517966,460.347572698842,-70.2092916183094,180.364926517966,5.85928550210846e-14,-8.67156613383088,67.3260797231295,-105.75163232093,38.4255525978003,0,0,1225.76617678644,2098.71170165281,2263.34542459948,1794.63372294667,1610,1540
7.4,461.451694771315,-66.2646249611784,180.920190005209,461.451694771315,-66.2646249611783,180.920190005209,6.51223174224333e-14,-8.17182899531185,67.3143966665898,-105.598971116376,38.2845744497861,0,0,1229.46793336806,2098.62516049326,2262.21460086204,1793.58944036879,1610,1540
7.44,462.500252250157,-62.2368267977484,181.484414168699,462.500252250157,-62.2368267977484,181.484414168699,1.4210854715202e-13,-7.66402724817131,67.3082469703119,-105.452652243243,38.1444052729311,0,0,1233.22942779132,2098.5796071875,2261.13075735735,1792.55115016986,1610,1540
7.48,463.490292042922,-58.1305654232391,182.057042187304,463.490292042922,-58.1305654232391,182.057042187304,8.5265128291212e-14,-7.14866203142605,67.3076428917171,-105.312825511907,38.0051826201903,0,0,1237.04694791536,2098.57513253124,2260.09500379191,1791.51987126067,1610,1540
7.52,464.419004255016,-53.9506790167895,182.637508946306,464.419004255016,-53.9506790167895,182.637508946306,6.51223174224333e-14,-6.62624194832422,67.3125926419034,-105.179633856683,37.8670412147793,0,0,1240.91672630871,2098.61179734743,2259.10839893839,1790.49660159096,1610,1540
7.56,465.283734237168,-49.7021672583069,183.225241595094,465.283734237168,-49.7021672583069,183.225241595094,5.72857867687912e-14,-6.09728256441526,67.3231003259644,-105.053213155638,37.7301128296736,0,0,1244.83494396729,2098.68963204418,2258.17194930102,1789.48231725684,1610,1540
7.6,466.081994064941,-45.3901821839263,183.819660112501,466.081994064941,-45.3901821839263,183.819660112501,2.92964275105423e-14,-5.56230589874906,67.339165884066,-104.933692058807,37.5945261747409,0,0,1248.79773408334,2098.80863617827,2257.28660784301,1788.47797166475,1610,1540
7.64,466.81147338183,-41.0200183120166,184.420177879215,466.81147338183,-41.0200183120166,184.420177879215,6.35528743231302e-14,-5.02183990870614,67.3607850336788,-104.821191825294,37.4604067916149,0,0,1252.80118586144,2098.96877802725,2256.45327277995,1787.4844947527,1610,1540
7.68,467.470049540532,-36.5971020774326,185.026202256703,467.470049540532,-36.5971020774326,185.026202256703,0,-4.4764179689674,67.387949213361,-104.71582616977,37.3278769564091,0,0,1256.84134837802,2099.16999417304,2255.67278644274,1786.5027922697,1610,1540
7.72,468.055796980542,-32.1269806172388,185.637135172069,468.055796980542,-32.1269806172388,185.637135172069,6.35528743231302e-14,-3.92657834513778,67.4206455284808,-104.617701118842,37.1970555903617,0,0,1260.91423448046,2099.41218909986,2254.94593421365,1785.53374511379,1610,1540
7.76,468.566995784283,-27.6153099563712,186.252373708286,468.566995784283,-27.6153099563712,186.252373708285,1.02537496286898e-13,-3.37286366254304,67.4588566992558,-104.526914877744,37.0680581784885,0,0,1265.0158247219,2099.6952348093,2254.27344353885,1784.57820872954,1610,1540
7.8,469.002139358643,-23.0678426466059,186.871310699195,469.002139358643,-23.0678426466059,186.871310699195,5.6843418860808e-14,-2.81582037072416,67.5025610114797,-104.443557707792,36.9409966963119,0,0,1269.14207132797,2100.0189704554,2253.65598302068,1783.63701256527,1610,1540
7.84,469.359941193776,-18.4904149167058,187.493335328714,469.359941193776,-18.4904149167058,187.493335328714,5.6843418860808e-14,-2.25599820415748,67.5517322702899,-104.367711815006,36.8159795447156,0,0,1273.28890219143,2100.38320200215,2253.09416159263,1782.71095959049,1610,1540
7.88,469.639340656599,-13.8889333956805,188.11783373363,469.639340656599,-13.8889333956805,188.11783373363,1.0247593068766e-13,-1.69394963973327,67.6063397573182,-104.299451250281,36.6931114929628,0,0,1277.45222489086,2100.78770190606,2252.58852777986,1781.8008258738,1610,1540
7.92,469.83950778223,-9.26936147465679,188.744189609414,469.83950778223,-9.26936147465679,188.744189609414,5.68711676634668e-14,-1.13022935152764,67.6663481915465,-104.238841821443,36.572493629897,0,0,1281.62793072942,2101.23220882627,2252.13956904773,1780.90736022146,1610,1540
7.96,469.959847032856,-4.63770537590076,189.371784818437,469.959847032856,-4.63770537590076,189.371784818437,5.6843418860808e-14,-0.56539366340631,67.7317176941742,-104.1859410175,36.4542233233257,0,0,1285.81189878958,2101.71642736425,2251.74771124074,1780.03128387649,1610,1540
8,470,-3.61650090419697e-14,190,470,-3.61650090419696e-14,190,1.0247593068766e-13,-4.40872847693047e-15,67.8024037577836,-104.140797945353,36.338394187569,0,0,1290,2102.24002783543,2251.41331811372,1779.17329027829,1610,1540
